{
  "mercury": {
    "a": 0.38709893,
    "e": 0.20563069,
    "i": 0.12235484930721108,
    "Ω": 0.8427401643374696,
    "ω": 0.50824,
    "M0": 3.051088,
    "P": 87.968,
    "Trev": 0.240846
  },
  "venus": {
    "a": 0.72333199,
    "e": 0.00677323,
    "i": 0.05928742648805483,
    "Ω": 1.3385484148722342,
    "ω": 0.9579,
    "M0": 0.8799637583462125,
    "P": 224.701,
    "Trev": 0.615198
  },
  "earth": {
    "a": 1.00000261,
    "e": 0.01671123,
    "i": 0.12488,
    "Ω": -0.196535,
    "ω": 1.993303,
    "M0": 6.259,
    "P": 365.256363004,
    "Trev": 1
  },
  "mars": {
    "a": 1.52368055,
    "e": 0.0933941,
    "i": 0.032289,
    "Ω": 0.865309,
    "ω": 5.0004,
    "M0": 0.3388073649547322,
    "P": 687.0,
    "Trev": 1.880847,
    "n": 0.009146766
  },
  "jupiter": {
    "a": 5.2044,
    "e": 0.0489,
    "i": 0.02272502142049606,
    "Ω": 1.7503664675661467,
    "ω": 4.779887322810318,
    "M0": 0.6002280359422847,
    "P": 4332.59,
    "Trev": 11.862615
  },
  "saturn": {
    "a": 9.5826,
    "e": 0.0565,
    "i": 0.04345369280740125,
    "Ω": 1.9857089399120442,
    "ω": 5.923672315346393,
    "M0": 0,
    "P": 10759.22,
    "Trev": 29.447498
  }
}
