{
  "mercury": {
    "a": 0.38709893,
    "e": 0.20563069,
    "i": 0.122258,
    "Ω": 0.8435468,
    "ω": 0.508323,
    "M0": 3.0508,
    "P": 87.968,
    "n": 0.071424,
    "T": 0.240846,
    "H": -0.6
  },
  "venus": {
    "a": 0.72333199,
    "e": 0.00677323,
    "i": 0.0592489,
    "Ω": 1.338331,
    "ω": 0.957353,
    "M0": 0.8747,
    "P": 224.701,
    "n": 0.027962,
    "T": 0.615198,
    "H": -4.47
  },
  "earth": {
    "a": 1.00000011,
    "e": 0.01671022,
    "i": 0.00005,
    "Ω": -0.1965352,
    "ω": 1.9933027,
    "M0": 6.259,
    "P": 365.256363004,
    "n": 0.017202,
    "T": 1,
    "H": -3.86
  },
  "mars": {
    "a": 1.52368055,
    "e": 0.09341233,
    "i": 0.032299,
    "Ω": 0.8653088,
    "ω": 4.99971,
    "M0": 0.3388073649547322,
    "P": 687.0,
    "n": 0.009146766,
    "T": 1.880847,
    "H": -1.52
  },
  "jupiter": {
    "a": 5.20336301,
    "e": 0.04839266,
    "i": 0.0227818,
    "Ω": 1.7550359,
    "ω": 4.7799,
    "M0": 0.3494,
    "P": 4332.59,
    "n": 0.0014504,
    "T": 11.862615,
    "H": -9.4
  },
  "saturn": {
    "a": 9.53707032,
    "e": 0.0541506,
    "i": 0.043362,
    "Ω": 1.9847019,
    "ω": 5.9235,
    "M0": 5.533,
    "n": 0.00058469,
    "H": -8.88
  },
  "uranus": {
    "a": 19.19126393,
    "e": 0.04716771,
    "i": 0.013437,
    "Ω": 1.295556,
    "ω": 1.6929494,
    "M0": 2.4825319,
    "n": 0.0002042,
    "H": -7.19
  },
  "neptune": {
    "a": 30.06896348,
    "e": 0.00858587,
    "i": 0.0308778,
    "Ω": 2.2989772,
    "ω": 4.768,
    "M0": 4.5358,
    "n": 0.00010472,
    "H": -6.87
  },
  "pluto": {
    "a": 39.48168677,
    "e": 0.25,
    "i": 0.298,
    "Ω": 1.9251587,
    "ω": 1.9868,
    "M0": 0.2536,
    "n": 0.0000694372,
    "H": -0.44
  }
}
